application_number,latitude,longitude
2548/20,53.3863092,-6.16058
WEB1083/20,53.30767119999999,-6.264985999999999
4792/19,53.3450169,-6.2748751
WEB1190/20,53.3430569,-6.3554035
2278/20,53.3973594,-6.187072
WEB1196/20,53.364643,-6.213087199999999
4800/19,53.3637346,-6.1814978
2585/20,53.3268909,-6.291539299999999
WEB1090/20,53.3649789,-6.3113765
2602/20,53.3750947,-6.3178358
2291/20,53.36358749999999,-6.237577
2594/20,53.3987557,-6.183474599999999
WEB1012/20,53.3089249,-6.2645804
2312/20,53.3904156,-6.2617293
4838/19,53.3424238,-6.3261734
4818/19,53.3567052,-6.2308732
2305/20,53.3791648,-6.3038465
2306/20,53.38131079999999,-6.309711999999999
4826/19,53.3425644,-6.2439492
DSDZ2626/20,53.3490976,-6.2322225
2320/20,53.3355283,-6.2442901
2007/20,53.3296682,-6.233632399999999
2625/20,53.3792659,-6.1682384
2329/20,53.321073,-6.231280399999999
WEB1016/20,53.39361479999999,-6.169989699999999
2336/20,53.33488130000001,-6.3148912
2334/20,53.3351026,-6.231886299999999
2338/20,53.3545033,-6.2693204
2627/20,53.3191757,-6.2925071
2623/20,53.3415325,-6.2538916
WEB1109/20,53.3427303,-6.2756032
WEB1114/20,53.3204161,-6.2711552
2028/20,53.3632235,-6.187859700000001
2645/20,53.3458125,-6.2554881
2651/20,53.3484266,-6.2813247
2040/20,53.3370344,-6.2612996
2648/20,53.36578369999999,-6.1849691
2368/20,53.3490267,-6.2656816
2363/20,53.32808139999999,-6.3048947
2660/20,53.3532236,-6.2604486
WEB1118/20,53.3581078,-6.2422683
WEB1124/20,53.3458924,-6.359365
2062/20,53.32857869999999,-6.2288803
WEB1238/20,53.379622,-6.2052637
2371/20,53.31982259999999,-6.2296169
2076/20,53.3202691,-6.213169
2078/20,53.3695517,-6.1990932
WEB1245/20,53.3148049,-6.283556
2394/20,53.3755106,-6.209464
2080/20,53.3329754,-6.269175799999999
WEB1249/20,53.3209647,-6.2523189
2687/20,53.33264980000001,-6.263532
WEB1253/20,53.3860736,-6.168228000000001
WEB1252/20,53.3804549,-6.2764446
WEB1257/20,53.3830417,-6.1786319
WEB1135/20,53.3261441,-6.325342699999999
2096/20,53.3189964,-6.2846972
2683/20,53.37071599999999,-6.3240821
2435/20,53.3602656,-6.2767753
2110/20,53.3324715,-6.2755057
2107/20,53.33264980000001,-6.263532
2697/20,53.3505493,-6.2097172
2437/20,53.3501932,-6.257488299999999
2709/20,53.3342455,-6.2686026
2422/20,53.3955362,-6.1747312
2147/20,53.3376587,-6.283739
WEB1145/20,53.36791419999999,-6.192500400000001
2712/20,53.3311588,-6.214109199999999
WEB1065/20,53.3385705,-6.265826800000001
2189/20,53.320321,-6.2484946
2448/20,53.3213987,-6.2543609
2114/20,53.3327509,-6.2441762
DSDZ2125/20,53.3476378,-6.2617427
WEB1047/20,53.38211279999999,-6.2103507
2135/20,53.35208189999999,-6.351110599999999
WEB1288/20,53.3589035,-6.2912043
2472/20,53.381199,-6.1740968
2434/20,53.3431831,-6.350507299999999
2731/20,53.3739852,-6.2482843
DSDZ2734/20,53.349129,-6.2353
3792/20,53.3388718,-6.2624435
WEB1870/20,53.3135555,-6.2919455
3797/20,53.34254790000001,-6.311416899999999
3793/20,53.3280074,-6.260402399999999
3805/20,53.3810948,-6.1734482
3825/20,53.33521349999999,-6.220800499999999
3818/20,53.3640732,-6.3139414
3843/20,53.3360546,-6.2301014
3846/20,53.3088685,-6.293502399999999
3829/20,53.3428045,-6.277393099999999
3833/20,53.3597981,-6.2470627
WEB1915/20,53.3136574,-6.2731452
3863/20,53.35969249999999,-6.278174000000001
WEB1927/20,53.3694456,-6.235888699999999
3838/20,53.403977,-6.2125756
3871/20,53.3229854,-6.272799699999999
WEB1934/20,53.3176599,-6.324356
3890/20,53.3768666,-6.230323299999999
3882/20,53.3775467,-6.221912199999999
3891/20,53.3191271,-6.247511500000001
3902/20,53.3758139,-6.2984909
WEB1949/20,53.3767068,-6.2020107
3920/20,53.3780386,-6.198456699999999
WEB1960/20,53.3317715,-6.285512
3942/20,53.35504049999999,-6.268822699999999
3944/20,53.3233145,-6.244579
3931/20,53.3357219,-6.2993445
WEB1975/20,53.36434130000001,-6.2087059
3941/20,53.3322919,-6.3659583
WEB1994/20,53.3089249,-6.2645804
WEB1985/20,53.3754859,-6.2691648
WEB2000/20,53.3691869,-6.2566565
WEB1996/20,53.3659614,-6.296853
3989/20,53.36354739999999,-6.258907799999999
WEB1010/21,53.366254,-6.3215206
3984/20,53.374699,-6.3310593
3996/20,53.392387,-6.289578499999999
4014/20,53.3504575,-6.253939700000001
4012/20,53.3519028,-6.3535749
4020/20,53.3631779,-6.207418
4027/20,53.3516877,-6.2591538
WEB1690/20,53.3775187,-6.1726461
WEB1296/20,53.3668439,-6.2605694
3241/20,53.3529376,-6.247696899999999
2752/20,53.37809720000001,-6.1890711
3561/20,53.39340559999999,-6.1854721
3002/20,53.31917559999999,-6.3001909
WEB1449/20,53.3828731,-6.1654649
WEB1297/20,53.3730805,-6.21033
WEB1307/20,53.3768796,-6.2370959
3582/20,53.3399429,-6.234250599999999
3009/20,53.38377759999999,-6.1632821
3006/20,53.3437575,-6.226336799999999
3014/20,53.3748477,-6.2609458
WEB1715/20,53.3662181,-6.2015357
WEB1455/20,53.3530448,-6.289924
3018/20,53.3334713,-6.244633599999999
2761/20,53.3418454,-6.3074118
3586/20,53.3519762,-6.248480799999999
WEB1716/20,53.3795229,-6.233357199999999
3285/20,53.3355074,-6.244728100000001
3579/20,53.3396079,-6.2585684
2771/20,53.3310873,-6.2820702
WEB1723/20,53.3776095,-6.226909699999999
3268/20,53.3631465,-6.3024894
WEB1602/20,53.372901,-6.3108132
WEB1333/20,53.3777038,-6.161828499999999
WEB1598/20,53.3795746,-6.181079899999999
3277/20,53.3512474,-6.2520457
3033/20,53.3360711,-6.282021299999999
WEB1475/20,53.3567019,-6.2361992
WEB1731/20,53.3638384,-6.263554699999999
3593/20,53.3198352,-6.2451876
3291/20,53.3437154,-6.2884395
3606/20,53.34119829999999,-6.3067158
3296/20,53.3415844,-6.335404899999999
WEB1345/20,53.3804689,-6.314123
WEB1611/20,53.3285583,-6.2374636
WEB1336/20,53.3237537,-6.266764100000001
3040/20,53.3440042,-6.224832
2786/20,53.3998003,-6.2906653
2782/20,53.3174982,-6.269150199999999
2810/20,53.38239489999999,-6.246262799999999
3602/20,53.3344137,-6.290670599999999
WEB1614/20,53.3224951,-6.214959899999999
2799/20,53.3274807,-6.2617273
WEB1489/20,53.34338529999999,-6.2232311
3629/20,53.31739820000001,-6.2879858
2807/20,53.38174739999999,-6.290575700000001
3618/20,53.36010959999999,-6.265245999999999
2827/20,53.3474958,-6.277155899999999
3087/20,53.3686539,-6.2288987
3324/20,53.3884828,-6.2349504
2817/20,53.31542710000001,-6.2604542
3328/20,53.3900657,-6.257586499999999
3642/20,53.3947339,-6.1571722
3093/20,53.3880442,-6.313134799999999
WEB1763/20,53.36613,-6.3003357
3098/20,53.3286931,-6.236857499999999
WEB1355/20,53.3637794,-6.314948999999999
WEB1508/20,53.34338529999999,-6.2232311
3655/20,53.3772275,-6.237397
2865/20,53.3553795,-6.261605599999999
2840/20,53.334247,-6.223667799999999
3113/20,53.3054747,-6.275014199999999
2854/20,53.3886236,-6.1974316
WEB1515/20,53.3710264,-6.3192001
3622/20,53.3845505,-6.2042785
WEB1375/20,53.36317099999999,-6.3042545
WEB1373/20,53.3581078,-6.2422683
WEB1724/20,53.3897164,-6.309595300000001
WEB1525/20,53.3790893,-6.2657226
WEB1378/20,53.3804689,-6.314123
3125/20,53.33282939999999,-6.2654901
3682/20,53.3348598,-6.276817899999999
3681/20,53.3858631,-6.2496173
3120/20,53.3905184,-6.196803399999999
WEB1774/20,53.3287503,-6.2092222
WEB1538/20,53.37520869999999,-6.176756399999999
3145/20,53.3298888,-6.2220418
2885/20,53.3324212,-6.216094
WEB1381/20,53.38100499999999,-6.230639
WEB1786/20,53.3901538,-6.2489912
3345/20,53.372107,-6.267396
3357/20,53.3985579,-6.1635731
2888/20,53.3792208,-6.2811507
3688/20,53.3498053,-6.2603097
WEB1393/20,53.3557962,-6.267964999999999
2893/20,53.3308946,-6.2523984
WEB1791/20,53.335475,-6.2431021
2913/20,53.3954604,-6.258035899999999
3153/20,53.33383869999999,-6.2509346
3342/20,53.345409,-6.259493
3360/20,53.3483313,-6.2559502
3158/20,53.33410170000001,-6.318039199999999
WEB1624/20,53.3781706,-6.2298597
2915/20,53.339561,-6.269047599999999
WEB1622/20,53.3204161,-6.2711552
2924/20,53.3644158,-6.190999
3167/20,53.3329365,-6.2632089
WEB1396/20,53.3208229,-6.2553819
3378/20,53.3931622,-6.2789979
3717/20,53.3892237,-6.318931399999999
WEB1406/20,53.3655778,-6.2069792
WEB1824/20,53.38465249999999,-6.2079467
WEB1551/20,53.36403970000001,-6.181145799999999
3729/20,53.3594051,-6.1937875
3184/20,53.3283406,-6.2595509
WEB1559/20,53.3210103,-6.2094432
2933/20,53.3264048,-6.255868
WEB1557/20,53.3580538,-6.2423366
WEB1561/20,53.3435304,-6.262538999999999
WEB1833/20,53.3670137,-6.2970647
WEB1421/20,53.3857398,-6.232175799999999
2954/20,53.3315,-6.2756248
3733/20,53.3505493,-6.2097172
WEB1571/20,53.3942298,-6.2256331
2953/20,53.38587270000001,-6.221879599999999
WEB1839/20,53.3628785,-6.185251699999999
3204/20,53.353423,-6.2700439
2961/20,53.3176372,-6.3225682
3217/20,53.33687219999999,-6.2762115
WEB1427/20,53.3723249,-6.286253299999999
WEB1429/20,53.4003799,-6.2314059
WEB1579/20,53.3343168,-6.2165931
3220/20,53.3907807,-6.1833268
WEB1852/20,53.3823459,-6.1779625
2973/20,53.3853859,-6.2651986
3223/20,53.3954386,-6.2086727
2982/20,53.3871601,-6.2566741
3228/20,53.3267414,-6.3427377
3227/20,53.3314673,-6.3115041
WEB1584/20,53.372901,-6.3108132
3225/20,53.3185728,-6.3198153
WEB1587/20,53.3780594,-6.229371899999999
WEB1859/20,53.375521,-6.2479568
WEB1866/20,53.3840718,-6.2676865
3383/20,53.3224951,-6.214959899999999
3386/20,53.36854330000001,-6.203033
DSDZ3389/20,53.3419963,-6.2413134
3404/20,53.32862060000001,-6.3440295
WEB1640/20,53.3259884,-6.2142854
3434/20,53.336008,-6.2393342
3421/20,53.372487,-6.318599
3430/20,53.3394165,-6.301809599999999
3447/20,53.3428254,-6.352538399999999
3456/20,53.3804661,-6.264621099999999
WEB1653/20,53.3489604,-6.348190199999999
WEB1655/20,53.3409278,-6.2426096
WEB1662/20,53.3708486,-6.2356888
3488/20,53.33979249999999,-6.3242628
WEB1665/20,53.33456229999999,-6.235894399999999
3494/20,53.3336877,-6.3499387
3484/20,53.3418503,-6.2566935
3519/20,53.3923516,-6.240689799999999
3510/20,53.3305821,-6.2139393
WEB1681/20,53.3282158,-6.2741037
WEB1684/20,53.390609,-6.2904642
WEB1692/20,53.37059619999999,-6.2965516
3537/20,53.38185439999999,-6.176366499999999
2975/21,53.3443656,-6.365149199999999
2995/21,53.3422358,-6.2621826
2967/21,53.3921049,-6.2939963
2979/21,53.3772979,-6.2873279
3004/21,53.3313931,-6.2518672
WEB1682/21,53.3213929,-6.3323336
3005/21,53.3332426,-6.2341251
WEB1689/21,53.3818332,-6.319278300000001
3018/21,53.3961333,-6.2411638
3027/21,53.33585679999999,-6.2540416
WEB1700/21,53.32527,-6.2387302
3035/21,53.3422358,-6.2621826
3055/21,53.36633879999999,-6.2313363
WEB1713/21,53.3216331,-6.210518100000001
WEB1718/21,53.363101,-6.1814959
3064/21,53.353361,-6.235421
WEB1725/21,53.33353590000001,-6.2802511
3072/21,53.3735001,-6.208110899999999
3088/21,53.3505027,-6.2671892
WEB1736/21,53.3726364,-6.2224229
3077/21,53.3716787,-6.324381799999999
WEB1745/21,53.3303466,-6.3119999
WEB1744/21,53.36903599999999,-6.1941353
WEB1749/21,53.3689829,-6.188555099999999
3129/21,53.3185156,-6.2372697
3124/21,53.3628174,-6.2379896
3136/21,53.3490249,-6.24561
3143/21,53.3865742,-6.252544299999999
3147/21,53.3776818,-6.3211818
WEB1770/21,53.3662526,-6.270862
3155/21,53.3666892,-6.213260099999999
3177/21,53.3666158,-6.1978943
3179/21,53.3738801,-6.331319
WEB1778/21,53.3668247,-6.1981354
3186/21,53.3636979,-6.3080937
3202/21,53.30771009999999,-6.2926737
3209/21,53.35576409999999,-6.2879295
WEB1792/21,53.35159669999999,-6.3693751
3218/21,53.3615444,-6.285861199999999
3221/21,53.3392778,-6.2564432
WEB1806/21,53.3627967,-6.1894361
2007/21,53.3602634,-6.2918698
WEB1510/21,53.3206949,-6.2106597
WEB1337/21,53.3886941,-6.2369539
2504/21,53.3324424,-6.31248
2526/21,53.31423179999999,-6.2586738
WEB1358/21,53.3573049,-6.239669800000001
2516/21,53.3523124,-6.2640296
2532/21,53.375244,-6.313874999999999
WEB1362/21,53.3294307,-6.222324599999999
WEB1372/21,53.3779694,-6.2288568
2549/21,53.32778039999999,-6.3095438
WEB1374/21,53.3592427,-6.2419239
2561/21,53.3246399,-6.2538046
2581/21,53.36859219999999,-6.2240335
2580/21,53.4058035,-6.1709128
WEB1395/21,53.37754049999999,-6.260262
WEB1402/21,53.3343477,-6.2768859
2584/21,53.3992553,-6.1726396
2589/21,53.3938498,-6.202967
2596/21,53.3604192,-6.2707176
WEB1419/21,53.35411730000001,-6.237156799999999
WEB1427/21,53.3206092,-6.251030699999999
WEB1428/21,53.3189479,-6.3338673
WEB1440/21,53.3431945,-6.2262528
2632/21,53.3765386,-6.2077288
WEB1445/21,53.3162335,-6.276486299999999
DSDZ2626/21,53.348782,-6.237127
2634/21,53.3793587,-6.241112299999999
WEB1461/21,53.3176768,-6.2375244
WEB1469/21,53.315706,-6.293100799999999
WEB1482/21,53.3921717,-6.3096568
2647/21,53.3411335,-6.278372399999999
2668/21,53.3738003,-6.2121166
2662/21,53.35469879999999,-6.251318700000001
2672/21,53.32725689999999,-6.2195965
WEB1497/21,53.3356754,-6.3603957
2678/21,53.4008164,-6.1585642
2714/21,53.36700339999999,-6.2691197
2698/21,53.3607603,-6.2795595
WEB1505/21,53.327912,-6.3042073
2729/21,53.3752333,-6.2119235
WEB1017/21,53.3889163,-6.2580746
WEB1168/21,53.3896466,-6.266983
4018/20,53.3343916,-6.250379
2275/21,53.325984,-6.208111799999999
2291/21,53.3662316,-6.1964299
2733/21,53.3519051,-6.297027399999999
WEB1021/21,53.3130622,-6.2541867
WEB1522/21,53.3228827,-6.2501102
2746/21,53.3361433,-6.248415199999999
WEB1184/21,53.31801309999999,-6.2237579
WEB1028/21,53.36837629999999,-6.2643833
2028/21,53.3219943,-6.2666401
WEB1031/21,53.3611361,-6.3066346
2292/21,53.3783042,-6.3021173
2754/21,53.363253,-6.2768511
2290/21,53.3787282,-6.2315159
2758/21,53.3653862,-6.227312599999999
WEB1033/21,53.32879440000001,-6.3029531
WEB1042/21,53.3221093,-6.325801299999999
WEB1194/21,53.3896466,-6.266983
2055/21,53.39726109999999,-6.192514699999999
2052/21,53.3771055,-6.1870895
WEB1542/21,53.3891268,-6.259236400000001
2309/21,53.3598902,-6.2958495
WEB1207/21,53.367164,-6.258593599999999
2777/21,53.3394147,-6.288326899999999
2308/21,53.3398639,-6.2617742
2057/21,53.33013640000001,-6.3219302
WEB1554/21,53.3656604,-6.2395426
2797/21,53.3666721,-6.2594005
2315/21,53.3714387,-6.241830299999999
2323/21,53.3362774,-6.241364900000001
4028/20,53.3259402,-6.2576912
2083/21,53.3408574,-6.2640836
2058/21,53.39947429999999,-6.170393499999999
2796/21,53.3355049,-6.2661801
2310/21,53.30905079999999,-6.260629499999999
2074/21,53.3444606,-6.3075062
WEB1070/21,53.317372,-6.2539069
WEB1224/21,53.3637619,-6.2120817
2091/21,53.3641284,-6.2117697
WEB1573/21,53.3836086,-6.245872299999999
2336/21,53.3238956,-6.3184037
WEB1579/21,53.3306338,-6.2672181
2801/21,53.3204394,-6.219627099999999
2347/21,53.33968970000001,-6.2341571
2811/21,53.3481213,-6.2846252
WEB1232/21,53.3369019,-6.3436977
2354/21,53.3383186,-6.327153
WEB1241/21,53.375998,-6.239205999999999
2355/21,53.3448964,-6.267796
WEB1584/21,53.3418442,-6.3446246
2359/21,53.3738003,-6.2121166
WEB1593/21,53.3151879,-6.303585699999999
2121/21,53.3738523,-6.222796
2135/21,53.3426944,-6.3122567
2825/21,53.3407318,-6.2798737
2127/21,53.3359544,-6.2859943
WEB1086/21,53.3065867,-6.272555199999999
WEB1246/21,53.37605509999999,-6.2138731
WEB1094/21,53.3658606,-6.1974918
WEB1262/21,53.3648631,-6.2962842
2378/21,53.4041023,-6.2007606
2384/21,53.3666322,-6.213267
2847/21,53.4002611,-6.2222624
WEB1264/21,53.3296039,-6.2397376
2382/21,53.3612093,-6.2829776
WEB1095/21,53.3350835,-6.2410293
WEB1618/21,53.3376653,-6.3486778
WEB1099/21,53.3801681,-6.233071499999999
2869/21,53.3950885,-6.2929491
2395/21,53.3479703,-6.2625772
2165/21,53.3579559,-6.2502986
WEB1273/21,53.346953,-6.2715163
2149/21,53.3136465,-6.2586824
2872/21,53.3605311,-6.2760161
2178/21,53.4042271,-6.2726839
WEB1631/21,53.37519320000001,-6.1645569
2398/21,53.3530461,-6.2299261
2186/21,53.3131236,-6.207601299999999
2882/21,53.35142,-6.279567999999999
WEB1116/21,53.3162216,-6.209469899999999
WEB1284/21,53.3652458,-6.2380644
WEB1286/21,53.3305422,-6.2748808
2430/21,53.3141324,-6.2722311
WEB1290/21,53.3829658,-6.2428905
2896/21,53.3273278,-6.2578359
2425/21,53.3318023,-6.254976699999999
2205/21,53.3661853,-6.264900099999999
WEB1640/21,53.3764598,-6.238975399999999
WEB1130/21,53.3220287,-6.3248675
2426/21,53.3573827,-6.243324599999999
2181/21,53.3352923,-6.244652400000001
2438/21,53.3250463,-6.2549813
2412/21,53.36463579999999,-6.198908299999999
WEB1298/21,53.3197927,-6.2293592
WEB1643/21,53.3214763,-6.3288213
2440/21,53.3424974,-6.311559799999999
2212/21,53.362951,-6.3098544
WEB1650/21,53.3877861,-6.2168534
2229/21,53.3353814,-6.2832666
2457/21,53.3714013,-6.269765599999999
WEB1140/21,53.3176768,-6.2375244
2949/21,53.32218,-6.2654194
2938/21,53.3731344,-6.2209054
WEB1308/21,53.3777165,-6.1832932
2461/21,53.4007041,-6.2156198
2232/21,53.3781704,-6.1788621
2952/21,53.3996916,-6.2096239
WEB1150/21,53.3780255,-6.2724278
WEB1314/21,53.3849969,-6.3041718
2250/21,53.3686905,-6.3184707
2264/21,53.3245045,-6.2418897
WEB1160/21,53.3671942,-6.2721655
WEB1664/21,53.3247166,-6.2191615
WEB1667/21,53.32990789999999,-6.2726529
2492/21,53.3339722,-6.2607262
WEB1336/21,53.369875,-6.2476748
3137/22,53.3248131,-6.238824999999999
WEB1938/21,53.3764598,-6.238975399999999
4075/21,53.3828639,-6.1697096
4084/21,53.3888814,-6.193120899999999
4068/21,53.3755858,-6.2482406
WEB5210/21,53.3119715,-6.2204901
4100/21,53.3747149,-6.25519
WEB5217/21,53.3355345,-6.2715058
PWSDZ4121/21,53.3388267,-6.213724099999999
DSDZ4109/21,53.3421962,-6.2306362
WEB5216/21,53.341046,-6.2569704
WEB5226/21,53.3532236,-6.2604486
WEB5236/21,53.3788181,-6.2197952
WEB5232/21,53.4016921,-6.1763735
4147/21,53.3327941,-6.2560459
4154/21,53.3232611,-6.262004699999999
4167/21,53.3417292,-6.2505957
4150/21,53.34198550000001,-6.2267719
4156/21,53.3814013,-6.268250699999999
4184/21,53.35636179999999,-6.2657646
4183/21,53.3387184,-6.3094818
4190/21,53.3497801,-6.2490267
4204/21,53.3873408,-6.2971515
WEB1021/22,53.4068737,-6.1556755
3011/22,53.3858429,-6.2589636
3027/22,53.3484625,-6.2676399
WEB1028/22,53.3683566,-6.2361514
3045/22,53.3655998,-6.2145882
3046/22,53.3633647,-6.2374243
3048/22,53.3365784,-6.291284
WEB1037/22,53.3632491,-6.2886171
3070/22,53.3501785,-6.2542537
WEB1042/22,53.37294240000001,-6.2028865
3100/22,53.3422119,-6.3324915
3110/22,53.3891059,-6.3185541
3121/22,53.4040983,-6.1818178
3157/22,53.3396416,-6.258403899999999
3138/22,53.3408442,-6.3131141
3160/22,53.3363638,-6.285293299999999
WEB1054/22,53.4057892,-6.165828899999999
3117/22,53.3086336,-6.2935685
3133/22,53.39243459999999,-6.1578084
3521/21,53.360597,-6.2714716
3525/21,53.3370413,-6.235886199999999
WEB1950/21,53.3660641,-6.3124728
3531/21,53.3255117,-6.2166332
3534/21,53.34997019999999,-6.2941682
WEB1962/21,53.3908353,-6.1861891
WEB1966/21,53.3311648,-6.326751400000001
3551/21,53.31423179999999,-6.2586738
3574/21,53.3275403,-6.2508344
WEB1970/21,53.3876858,-6.1540487
3580/21,53.343548,-6.2775927
3588/21,53.3197778,-6.290494900000001
3599/21,53.3844927,-6.2334252
3610/21,53.3191757,-6.2925071
WEB1981/21,53.3946796,-6.180971599999999
3626/21,53.3368482,-6.284091399999999
WEB1987/21,53.3901342,-6.2878782
3636/21,53.3658094,-6.1966129
WEB1995/21,53.38296889999999,-6.169492399999999
3648/21,53.3529376,-6.247696899999999
WEB5005/21,53.3769534,-6.210598
WEB5019/21,53.3216954,-6.2623866
WEB5018/21,53.38296889999999,-6.169492399999999
3661/21,53.3205751,-6.2156745
3677/21,53.3834384,-6.231122399999999
3674/21,53.3594057,-6.2616947
WEB5032/21,53.3216954,-6.2623866
3689/21,53.3633709,-6.3064227
3697/21,53.3768471,-6.2332868
3711/21,53.3699668,-6.2024624
3709/21,53.3579476,-6.2362725
WEB5043/21,53.3630717,-6.218776699999999
3738/21,53.33172769999999,-6.2748289
3737/21,53.3293938,-6.3253347
3755/21,53.3296789,-6.2305038
3752/21,53.3412583,-6.239707800000001
WEB5056/21,53.3577601,-6.2566761
3774/21,53.312119,-6.2386363
3775/21,53.332727,-6.239357699999999
3781/21,53.3948356,-6.2923833
WEB1063/22,53.3747048,-6.2532535
3234/21,53.3857592,-6.1464665
WEB5074/21,53.32046949999999,-6.2444519
3244/21,53.3715183,-6.2673263
3804/21,53.3857343,-6.1667076
WEB1816/21,53.36393109999999,-6.285541299999999
3171/22,53.3945523,-6.224823499999999
3809/21,53.3285209,-6.2589698
WEB1071/22,53.3200776,-6.266694999999999
WEB5079/21,53.3748194,-6.2283045
3182/22,53.3832495,-6.159117999999999
WEB1819/21,53.3827857,-6.2671452
3197/22,53.3513368,-6.257569699999999
3813/21,53.3448018,-6.3526688
WEB1828/21,53.38705239999999,-6.2799286
WEB1833/21,53.3652771,-6.277758299999999
3274/21,53.3367031,-6.2490299
WEB5093/21,53.3246362,-6.259103
WEB1829/21,53.3211547,-6.3169971
3833/21,53.4035131,-6.2203993
3824/21,53.3422267,-6.251811500000001
WEB1835/21,53.360757,-6.1931464
3823/21,53.3686278,-6.2241361
3299/21,53.338943,-6.3480398
WEB1089/22,53.324255,-6.3011479
3297/21,53.3920662,-6.2397622
3854/21,53.3223836,-6.2401724
3207/22,53.3581187,-6.285495099999999
3849/21,53.3550621,-6.2638718
3224/22,53.35319579999999,-6.270152299999999
WEB1847/21,53.3230223,-6.3115331
WEB1851/21,53.3483935,-6.3473831
WEB1101/22,53.36731529999999,-6.2226658
3317/21,53.3909374,-6.2346748
WEB1105/22,53.3550617,-6.2912211
WEB5112/21,53.3382871,-6.3273277
3324/21,53.3199848,-6.2078356
3871/21,53.385854,-6.1462684
3238/22,53.31185499999999,-6.219430099999999
WEB5110/21,53.3656128,-6.201735299999999
WEB5116/21,53.3532489,-6.282891999999999
WEB5119/21,53.3640757,-6.2666866
WEB1117/22,53.3073947,-6.300339
3341/21,53.3150803,-6.2225261
WEB5126/21,53.386378,-6.1697222
3348/21,53.3923576,-6.236060999999999
3349/21,53.3317645,-6.231965199999999
3255/22,53.3342991,-6.270451700000001
WEB1862/21,53.3804065,-6.1750943
3247/22,53.3317147,-6.3298181
3354/21,53.3238414,-6.272446599999999
3261/22,53.3985798,-6.210483399999999
3358/21,53.31986879999999,-6.2868053
3363/21,53.3920662,-6.2397622
3378/21,53.3302791,-6.223506599999999
3909/21,53.3603093,-6.2725102
3269/22,53.3961891,-6.294902
WEB5133/21,53.3352058,-6.3106931
WEB5135/21,53.3586636,-6.2522075
3368/21,53.3227087,-6.2615365
3285/22,53.3125313,-6.268152499999999
WEB1873/21,53.3907258,-6.2348808
3298/22,53.3739723,-6.2046461
3384/21,53.3851623,-6.2078269
WEB5146/21,53.3647517,-6.2893078
WEB1878/21,53.3876004,-6.1863817
WEB1143/22,53.4030928,-6.2803944
3932/21,53.3327349,-6.362744699999999
3302/22,53.3364428,-6.252746699999999
3943/21,53.3302703,-6.2419407
WEB1145/22,53.3688729,-6.198386699999999
WEB5151/21,53.3096784,-6.2998207
3325/22,53.33350679999999,-6.349503899999999
3938/21,53.34274,-6.241161
3329/22,53.3429714,-6.2630546
WEB1893/21,53.4057892,-6.165828899999999
3966/21,53.3394652,-6.375174899999999
3405/21,53.3407644,-6.242041299999999
3416/21,53.3599963,-6.2896997
3314/22,53.38068209999999,-6.230788700000001
3308/22,53.3114534,-6.2755736
WEB1153/22,53.3765302,-6.213751200000001
3973/21,53.3699235,-6.3242458
3342/22,53.3170091,-6.316877
WEB5165/21,53.3823587,-6.1777754
3976/21,53.3858183,-6.2664067
3434/21,53.34586909999999,-6.349882999999999
3357/22,53.39173109999999,-6.2302076
3436/21,53.3522738,-6.284443
3994/21,53.3595363,-6.2609601
WEB5174/21,53.3647517,-6.2893078
3351/22,53.40244,-6.216284
WEB1921/21,53.3325305,-6.3154984
3989/21,53.353126,-6.2377265
WEB1167/22,53.3861935,-6.219057599999999
3465/21,53.3946389,-6.2161433
3383/22,53.3808567,-6.247226
WEB5190/21,53.3678369,-6.1824669
3376/22,53.36821029999999,-6.1893454
WEB1169/22,53.318594,-6.285555500000001
3365/22,53.3145403,-6.2728684
3472/21,53.3344137,-6.290670599999999
3483/21,53.384916,-6.1554454
4022/21,53.35780949999999,-6.265429999999999
4015/21,53.3165548,-6.204576599999999
3487/21,53.3183788,-6.329632
WEB5194/21,53.3848794,-6.295161999999999
4040/21,53.3248131,-6.238824999999999
4035/21,53.35737959999999,-6.286393299999999
3491/21,53.3670238,-6.1968054
3495/21,53.3884154,-6.1825708
WEB1935/21,53.3923582,-6.2796768
4033/21,53.3165523,-6.259000899999999
WEB1189/22,53.3338593,-6.2178339
4051/21,53.316657,-6.206554000000001
4042/21,53.3980916,-6.2956702
3424/22,53.3654966,-6.2662227
WEB1195/22,53.34081579999999,-6.2231571
3429/22,53.339205,-6.2807403
WEB1690/22,53.3608905,-6.1955471
3977/22,53.3297623,-6.2607538
3455/22,53.3674779,-6.2986738
WEB1201/22,53.3136816,-6.2649203
3449/22,53.3307802,-6.3384128
3465/22,53.3431507,-6.2632865
3458/22,53.3347743,-6.282543
3484/22,53.3662377,-6.239399300000001
3487/22,53.36595879999999,-6.2119944
WEB1225/22,53.3878001,-6.216635999999999
3490/22,53.3595518,-6.1925412
WEB1220/22,53.342983,-6.2180102
3534/22,53.3198421,-6.2198592
WEB1244/22,53.38994650000001,-6.282936599999999
WEB1243/22,53.3367833,-6.219511799999999
WEB1247/22,53.3408695,-6.3127089
WEB1255/22,53.34236989999999,-6.297930200000001
3554/22,53.3610339,-6.239612699999999
3526/22,53.3347743,-6.282543
3565/22,53.3370012,-6.2667317
WEB1275/22,53.34236989999999,-6.297930200000001
WEB1276/22,53.3304141,-6.272581
3558/22,53.3745393,-6.3315116
WEB1283/22,53.32277269999999,-6.234972399999999
WEB1288/22,53.3148394,-6.262662199999999
3584/22,53.3995144,-6.215226299999999
3595/22,53.3614814,-6.288091199999999
WEB1294/22,53.3272199,-6.2472489
3603/22,53.3218401,-6.2391511
WEB1297/22,53.3371225,-6.2326311
3628/22,53.3314264,-6.292668099999999
3633/22,53.36003909999999,-6.1921751
3639/22,53.3538134,-6.256284700000001
3649/22,53.39032719999999,-6.284179099999999
WEB1316/22,53.3900983,-6.2772063
3670/22,53.32826069999999,-6.2641601
WEB1322/22,53.3220824,-6.3137588
3655/22,53.3764675,-6.3090034
3681/22,53.3895511,-6.311313699999999
3677/22,53.384851,-6.203318299999999
WEB1471/22,53.3167128,-6.252999
3708/22,53.3657316,-6.212173099999999
3975/22,53.3947466,-6.2418287
DSDZ4562/22,53.3477178,-6.2275452
WEB1470/22,53.382549,-6.2193594
WEB1701/22,53.3629313,-6.2042264
WEB1584/22,53.3524209,-6.2355449
3961/22,53.3612346,-6.308936699999999
4265/22,53.3282116,-6.2149833
WEB1475/22,53.33099319999999,-6.273351799999999
WEB1478/22,53.3633512,-6.189467800000001
WEB1708/22,53.3136224,-6.222101299999999
WEB1587/22,53.3321435,-6.287225599999999
4260/22,53.3505303,-6.3452201
WEB1342/22,53.3590031,-6.2381993
4285/22,53.39573919999999,-6.1622734
WEB1346/22,53.3290245,-6.2436107
3716/22,53.3799723,-6.183951899999999
WEB1349/22,53.3660828,-6.2330581
4283/22,53.3714182,-6.259366300000001
4555/22,53.3902192,-6.2452372
3736/22,53.37811749999999,-6.229594899999999
WEB1713/22,53.3302224,-6.2663337
4293/22,53.3800889,-6.1965794
3754/22,53.3931142,-6.2865438
4297/22,53.3797305,-6.310163800000001
WEB1721/22,53.3619278,-6.1928996
WEB1487/22,53.3140992,-6.2306932
4311/22,53.3760919,-6.2169707
4593/22,53.3180185,-6.2772955
3745/22,53.35776389999999,-6.2809273
WEB1358/22,53.3761971,-6.182381599999999
WEB1498/22,53.3642085,-6.2322048
3748/22,53.3510489,-6.2948539
4316/22,53.3870772,-6.261318699999999
WEB1500/22,53.3250506,-6.2598261
WEB1601/22,53.3885652,-6.2582021
3761/22,53.3205935,-6.255872699999999
WEB1723/22,53.3586752,-6.2414124
WEB1728/22,53.3641155,-6.2362631
4332/22,53.3973552,-6.1921367
3739/22,53.3744722,-6.2909815
WEB1502/22,53.3140992,-6.2306932
4324/22,53.3330237,-6.238623
WEBDSDZ1730/22,53.344641,-6.237366199999999
4022/22,53.3496246,-6.2466823
3804/22,53.318814,-6.2599582
3762/22,53.3399846,-6.3216619
4629/22,53.3587326,-6.2617841
4621/22,53.3714182,-6.259366300000001
4040/22,53.3205935,-6.255872699999999
WEB1373/22,53.3762841,-6.2238859
3775/22,53.3876846,-6.1536271
4625/22,53.38724509999999,-6.273293199999999
3795/22,53.3314264,-6.292668099999999
WEB1738/22,53.35776389999999,-6.2809273
3797/22,53.30983870000001,-6.256682
3801/22,53.3425063,-6.3538333
WEB1741/22,53.3128075,-6.302105500000001
4379/22,53.3419949,-6.2350803
WEB1743/22,53.3282248,-6.275163000000001
WEB1523/22,53.3726225,-6.208527699999999
4357/22,53.3947604,-6.193167799999999
4377/22,53.3457873,-6.296113999999999
4645/22,53.37244399999999,-6.2686091
3812/22,53.3229406,-6.2793592
4651/22,53.3235944,-6.301252799999999
4392/22,53.3393936,-6.3016571
WEB1621/22,53.33689889999999,-6.229347799999999
4070/22,53.342232,-6.2595868
WEB1385/22,53.3761971,-6.182381599999999
4383/22,53.3395459,-6.2660955
WEB1391/22,53.3802953,-6.2757396
4386/22,53.3586385,-6.2816949
3820/22,53.33951279999999,-6.22867
4395/22,53.345105,-6.2673556
4082/22,53.35522280000001,-6.2645083
WEB1761/22,53.3641155,-6.2362631
4071/22,53.3166322,-6.272725599999999
4089/22,53.34872180000001,-6.2593257
3837/22,53.3802945,-6.1925706
4400/22,53.3944689,-6.3114008
4673/22,53.3230778,-6.2094545
WEB1629/22,53.3414583,-6.334773999999999
WEBDSDZ1767/22,53.3453819,-6.233416099999999
4679/22,53.3479694,-6.2950645
4681/22,53.3332534,-6.3602532
4416/22,53.3448425,-6.2913791
3855/22,53.3200554,-6.3162277
4104/22,53.3244262,-6.253237899999999
4683/22,53.37130999999999,-6.240612400000001
WEB1410/22,53.338007,-6.299728000000001
4689/22,53.3381426,-6.2471237
WEB1406/22,53.35776389999999,-6.2809273
4678/22,53.3797265,-6.170460299999999
4702/22,53.340374,-6.2302354
4130/22,53.3191298,-6.2649556
4135/22,53.3870753,-6.3145101
4697/22,53.3381173,-6.3707414
DSDZ4115/22,53.348782,-6.237127
4445/22,53.3805636,-6.1989966
4138/22,53.3099784,-6.2520299
WEB1639/22,53.40732509999999,-6.1554655
DSDZ3862/22,53.3487669,-6.2316404
4442/22,53.356615,-6.294978700000001
4713/22,53.3221854,-6.236313699999999
WEB1419/22,53.322046,-6.3025402
3886/22,53.3605741,-6.2750265
4466/22,53.3133893,-6.3063921
4718/22,53.36959,-6.3059675
WEB1553/22,53.3590299,-6.236399
4455/22,53.3596582,-6.1872618
WEB1645/22,53.3872627,-6.1950537
4143/22,53.32959229999999,-6.2509586
4162/22,53.3367907,-6.254467699999999
3893/22,53.33862749999999,-6.2613972
4157/22,53.3422869,-6.3158332
WEB1652/22,53.3798431,-6.202842899999999
WEB1798/22,53.3101664,-6.2988988
4171/22,53.3298648,-6.2646807
4477/22,53.34334639999999,-6.2255521
4169/22,53.3262852,-6.2118308
3891/22,53.3635817,-6.2580602
4177/22,53.3767424,-6.2025593
WEB1435/22,53.36443939999999,-6.176719800000001
4734/22,53.3252174,-6.313500299999999
WEB1554/22,53.3876022,-6.2801364
WEB1438/22,53.3661456,-6.1746
WEB1566/22,53.35776389999999,-6.2809273
4747/22,53.3346128,-6.2147473
4496/22,53.3381736,-6.259119
WEB1816/22,53.3422358,-6.2621826
WEB1664/22,53.3643729,-6.195322
4202/22,53.3551831,-6.229539
4758/22,53.3807448,-6.2253208
4189/22,53.376471,-6.2497227
4750/22,53.3088857,-6.2823521
4207/22,53.3236611,-6.268638699999999
WEB1676/22,53.366421,-6.284667
4199/22,53.3489189,-6.2612181
WEB1677/22,53.3651796,-6.2087518
4506/22,53.3662358,-6.2017405
WEB1449/22,53.34911109999999,-6.343613299999999
4769/22,53.3715387,-6.3204578
3941/22,53.3323198,-6.2736601
4215/22,53.3224493,-6.2964292
4519/22,53.3444872,-6.260142999999999
WEB1455/22,53.31480060000001,-6.2631855
4513/22,53.3103085,-6.273985199999999
WEB1822/22,53.3688788,-6.229532499999999
WEB1582/22,53.3274954,-6.326828799999999
4527/22,53.36633879999999,-6.2313363
WEB1463/22,53.3917847,-6.2296039
WEB1689/22,53.3179396,-6.2299137
3951/22,53.3860635,-6.2161703
WEB1693/22,53.3969675,-6.2507939
WEB1833/22,53.3690078,-6.2087872
4245/22,53.3172255,-6.259282799999999
4781/22,53.3770809,-6.2379171
5349/22,53.339742,-6.21576
5065/22,53.3379917,-6.3020149
5070/22,53.34603869999999,-6.257892399999999
5080/22,53.37133189999999,-6.194991900000001
5100/22,53.3927888,-6.3023218
3095/23,53.3125365,-6.2475537
5097/22,53.3626595,-6.215199
WEB1995/22,53.3988762,-6.1979801
5109/22,53.3137072,-6.2806931
5119/22,53.341862,-6.2596244
5127/22,53.3502966,-6.261142200000001
5137/22,53.3901189,-6.29813
5161/22,53.3615479,-6.2431645
WEB2007/22,53.3616429,-6.282907400000001
WEB2011/22,53.3977523,-6.198848
5173/22,53.383024,-6.1616434
5184/22,53.3665025,-6.213318
5175/22,53.3578947,-6.2342068
5210/22,53.3459307,-6.2629544
5227/22,53.3338147,-6.253660399999999
WEB2026/22,53.3146102,-6.3247387
5203/22,53.3678907,-6.3027969
DSDZ5190/22,53.3496853,-6.229672900000001
WEB2042/22,53.39824669999999,-6.3041236
5229/22,53.3946389,-6.2161433
WEB2049/22,53.3148452,-6.281137
5249/22,53.3915921,-6.263339299999999
5267/22,53.3205751,-6.2156745
WEB2053/22,53.3372949,-6.2226792
WEB2064/22,53.3784183,-6.228430299999999
5268/22,53.3551831,-6.229539
5281/22,53.3609429,-6.2864401
5294/22,53.36600379999999,-6.293992599999999
5313/22,53.3781913,-6.207800499999999
5320/22,53.33352319999999,-6.235851900000001
WEB2074/22,53.3125401,-6.2954811
WEB2084/22,53.3657227,-6.313646899999999
5300/22,53.3222752,-6.297665599999999
WEB2094/22,53.3206096,-6.2763876
WEB2098/22,53.3147672,-6.242642699999999
5331/22,53.3435338,-6.2455145
WEB1840/22,53.3164402,-6.2876126
3366/23,53.3889381,-6.1889438
4818/22,53.3480998,-6.2777189
4841/22,53.3571843,-6.2475809
WEB1852/22,53.34876149999999,-6.358334800000001
4810/22,53.3338,-6.35157
4823/22,53.3995144,-6.215226299999999
4830/22,53.3399632,-6.324577499999999
WEB1862/22,53.3849969,-6.3041718
4855/22,53.3293938,-6.3253347
WEB1868/22,53.3595239,-6.189720599999999
4867/22,53.3418717,-6.263006
4884/22,53.371831,-6.2678748
WEB1878/22,53.3641155,-6.2362631
4881/22,53.349532,-6.2449946
4906/22,53.3223257,-6.2175626
WEB1882/22,53.3802981,-6.200083999999999
WEB1892/22,53.35188489999999,-6.2971106
4911/22,53.3074236,-6.300233899999999
4905/22,53.3259425,-6.267158900000001
WEB1898/22,53.3712502,-6.319784299999999
4948/22,53.34035429999999,-6.2736491
4960/22,53.34250669999999,-6.218429
WEB1904/22,53.363027,-6.308727999999999
WEB1914/22,53.34814859999999,-6.268494599999999
WEB1924/22,53.358734,-6.2387048
4970/22,53.3283861,-6.2518169
5011/22,53.403683,-6.294264
4981/22,53.3873478,-6.2359325
4997/22,53.3334062,-6.247347
WEB1934/22,53.3174017,-6.218787900000001
WEB1944/22,53.3240954,-6.2545015
5004/22,53.3927888,-6.3023218
WEB1949/22,53.3655793,-6.2028237
5017/22,53.3235944,-6.301252799999999
5031/22,53.3311796,-6.2416437
5046/22,53.3554203,-6.294468
WEB1957/22,53.3328067,-6.2173368
WEB1968/22,53.3274954,-6.326828799999999
5060/22,53.379031,-6.162153399999999
WEB1972/22,53.3453687,-6.2839811
3098/23,53.3307204,-6.3195953
3108/23,53.3754807,-6.2675483
3350/23,53.3705675,-6.2944716
5378/22,53.34209809999999,-6.2547785
3356/23,53.3303354,-6.241920599999999
3382/23,53.33875880000001,-6.2213577
3319/23,53.329591,-6.2588753
3007/23,53.3336518,-6.252257
WEB1245/23,53.3961504,-6.181956599999999
3391/23,53.3809439,-6.2345891
3397/23,53.3491632,-6.2635212
3432/23,53.3825188,-6.281118999999999
3423/23,53.3199182,-6.2422927
WEB1249/23,53.341174,-6.3074599
WEB1259/23,53.3785968,-6.2633259
3457/23,53.3432645,-6.2597212
3437/23,53.3823825,-6.180814799999999
3430/23,53.3230769,-6.3363725
WEB1264/23,53.36317210000001,-6.213382699999999
WEB1273/23,53.3640538,-6.1774041
3436/23,53.3391616,-6.2464084
3476/23,53.3384014,-6.221971700000001
3502/23,53.3290036,-6.3325225
3507/23,53.3646504,-6.2993948
3492/23,53.3133667,-6.2027369
WEB1309/23,53.3660004,-6.320304699999999
3517/23,53.3372958,-6.2339936
3537/23,53.3815638,-6.247618399999999
WEB1296/23,53.3269325,-6.2753564
3540/23,53.349599,-6.2622832
WEB1306/23,53.307057,-6.300193
3551/23,53.35824479999999,-6.293118199999999
3566/23,53.3618314,-6.2478945
WEB1315/23,53.3531567,-6.2385299
3558/23,53.3896026,-6.2852443
3582/23,53.3317911,-6.26492
WEB1328/23,53.32131219999999,-6.2582514
WEB1335/23,53.3349645,-6.2654915
3588/23,53.3249806,-6.2401313
3599/23,53.361073,-6.259534100000001
3608/23,53.32915,-6.2306364
3609/23,53.3848902,-6.201565
WEB1069/23,53.3721724,-6.3134765
5391/22,53.3340755,-6.2635576
WEB1083/23,53.3145834,-6.257854099999999
WEB1047/23,53.3150517,-6.2305103
5366/22,53.3138971,-6.217228
3130/23,53.3317715,-6.285512
5413/22,53.3264977,-6.2219589
5393/22,53.3565722,-6.2591589
5368/22,53.3566622,-6.259652
5424/22,53.3796134,-6.191807400000001
5425/22,53.3884807,-6.3186947
WEB1097/23,53.3394161,-6.3451266
3134/23,53.3973811,-6.2041713
5404/22,53.3125365,-6.2475537
5415/22,53.3230681,-6.3127153
5403/22,53.34872180000001,-6.2593257
5432/22,53.3502966,-6.261142200000001
5463/22,53.3399371,-6.2584936
3159/23,53.3406111,-6.265436600000001
3199/23,53.3414443,-6.279679
5477/22,53.3372556,-6.2298281
5454/22,53.3446637,-6.262943099999999
5482/22,53.3815638,-6.247618399999999
WEB2115/22,53.3407821,-6.224129899999999
WEB2120/22,53.3293724,-6.260988299999999
5468/22,53.3194928,-6.2115151
5460/22,53.3068873,-6.2726324
WEB2126/22,53.3836725,-6.2895138
5400/22,53.3431396,-6.2930326
WEB1121/23,53.3215902,-6.2644382
5487/22,53.3186753,-6.2565953
5500/22,53.3133779,-6.2946217
5475/22,53.3366643,-6.3021388
WEB2138/22,53.3125365,-6.2475537
WEB2143/22,53.3519064,-6.2813373
WEB2146/22,53.32584900000001,-6.2141128
5497/22,53.3928565,-6.289565199999999
3221/23,53.3744722,-6.2909815
3252/23,53.3429714,-6.2630546
WEB1148/23,53.3368566,-6.2269641
WEB1139/23,53.3747706,-6.214095299999999
5510/22,53.3477821,-6.263855500000001
5523/22,53.31945589999999,-6.2441189
5532/22,53.3511344,-6.254339499999999
5521/22,53.3307204,-6.3195953
5536/22,53.3428577,-6.270537099999999
3016/23,53.32142349999999,-6.236845
WEB1171/23,53.3342932,-6.270549300000001
3015/23,53.36275999999999,-6.2111939
3027/23,53.3269671,-6.2437093
3013/23,53.3489784,-6.2682024
3025/23,53.3408059,-6.3101388
3040/23,53.3194928,-6.2115151
3041/23,53.3399806,-6.2466569
3034/23,53.3531522,-6.2349616
WEB1008/23,53.3106261,-6.283039
3258/23,53.3558043,-6.259232099999999
3275/23,53.3874267,-6.2703337
WEB1025/23,53.32584900000001,-6.2141128
WEB1030/23,53.31593669999999,-6.2777388
WEB1035/23,53.3686186,-6.186503699999999
3327/23,53.3928565,-6.289565199999999
WEB1202/23,53.3254313,-6.303547699999999
3056/23,53.3489784,-6.2682024
3043/23,53.3166863,-6.284977899999999
3067/23,53.3243168,-6.243607799999999
3307/23,53.3353168,-6.2664022
3081/23,53.4023921,-6.217034399999999
3054/23,53.3438992,-6.33008
3311/23,53.3321571,-6.2362898
3078/23,53.3176459,-6.2548436
3093/23,53.3896731,-6.1597274
3110/23,53.3357578,-6.2165829
3111/23,53.3873478,-6.2359325
WEB1058/23,53.3115642,-6.257425599999999
3348/23,53.3326176,-6.260298199999999
WEB1735/23,53.3296869,-6.3254471
4441/23,53.3422195,-6.2563619
WEB1743/23,53.3250778,-6.221837799999999
4451/23,53.34155250000001,-6.2806429
WEB1760/23,53.3186834,-6.2339689
4467/23,53.33927800000001,-6.3203391
4473/23,53.32662920000001,-6.2644806
4471/23,53.3480462,-6.2618927
WEB1774/23,53.3646457,-6.2610237
WEB1776/23,53.373484,-6.1973975
4489/23,53.32927309999999,-6.2694703
WEB1787/23,53.3917596,-6.1676459
WEB1796/23,53.38297559999999,-6.2494595
4493/23,53.3403887,-6.300465
WEB1803/23,53.3194928,-6.2115151
4509/23,53.3307979,-6.2539935
4518/23,53.336803,-6.231072699999999
4523/23,53.3664587,-6.1991062
WEB1820/23,53.3099785,-6.293657400000001
WEB1825/23,53.3285558,-6.2614297
4546/23,53.31843920000001,-6.2557975
WEB1830/23,53.3637929,-6.2007002
4556/23,53.3617669,-6.2449809
4566/23,53.3307979,-6.2539935
4568/23,53.3473307,-6.2687881
WEB1841/23,53.3627822,-6.2548042
4579/23,53.3224441,-6.2106129
4586/23,53.3638555,-6.297839
4597/23,53.3660961,-6.305845199999999
4587/23,53.3367795,-6.373893799999999
WEB1867/23,53.3190541,-6.306042499999999
WEB1866/23,53.3637929,-6.2007002
WEB1878/23,53.3054159,-6.2878577
WEB1880/23,53.3898602,-6.2342968
WEB1887/23,53.3778662,-6.2227492
4627/23,53.3654905,-6.192787800000001
4635/23,53.3472163,-6.2567887
4642/23,53.3308421,-6.21974
WEB1899/23,53.3301369,-6.2902362
WEB1912/23,53.3645754,-6.2853917
4655/23,53.4003604,-6.212593
4183/23,53.3400089,-6.3015641
4192/23,53.3201622,-6.2941585
WEB1595/23,53.3378842,-6.2833123
WEB1605/23,53.3501348,-6.2746105
4200/23,53.36829359999999,-6.2597274
4207/23,53.3407906,-6.3028534
4212/23,53.3216926,-6.3295976
4216/23,53.3329678,-6.241777
WEB1627/23,53.3278769,-6.3418445
WEB1637/23,53.3069971,-6.2874296
4227/23,53.3284597,-6.2758167
4231/23,53.3078776,-6.2982261
4246/23,53.3639791,-6.2341378
4248/23,53.38568309999999,-6.2666923
WEB1656/23,53.3478594,-6.258501799999999
WEB1660/23,53.3191147,-6.23484
4264/23,53.30598430000001,-6.2737427
4270/23,53.3905184,-6.196803399999999
WEB1670/23,53.3942933,-6.316295299999999
4294/23,53.3398829,-6.3561232
4296/23,53.3035426,-6.2912085
4309/23,53.317227,-6.258335
WEB1678/23,53.3294304,-6.2180709
4324/23,53.3122584,-6.2466686
WEB1687/23,53.3376905,-6.228151100000001
PWSDZ4341/23,53.3388267,-6.213724099999999
4350/23,53.3331208,-6.222157699999999
4354/23,53.33981499999999,-6.320649
WEB1696/23,53.3804112,-6.193269600000001
WEB1698/23,53.3620175,-6.2498406
WEB1703/23,53.39032539999999,-6.2142588
4376/23,53.3431882,-6.243426899999999
4387/23,53.37583619999999,-6.2515668
4395/23,53.3294158,-6.2323219
WEB1711/23,53.3555062,-6.2687712
4414/23,53.3627431,-6.242036499999999
WEB1722/23,53.3627822,-6.2548042
4423/23,53.33788209999999,-6.228184499999999
4428/23,53.3800497,-6.201817399999999
4430/23,53.3389964,-6.2795551
WEB1475/23,53.3362232,-6.2815487
3892/23,53.3463559,-6.2673133
4664/23,53.32937,-6.2275049
4665/23,53.32657409999999,-6.2645674
3904/23,53.3314546,-6.3150103
WEB1926/23,53.3418809,-6.250662999999999
WEB1361/23,53.3396802,-6.2327026
3631/23,53.3324069,-6.274329199999999
WEB1923/23,53.39726109999999,-6.192514699999999
3913/23,53.33427039999999,-6.2504921
3912/23,53.3434864,-6.2909817
3640/23,53.36569799999999,-6.2469788
WEB1935/23,53.388737,-6.152445
3917/23,53.3360996,-6.2501644
3919/23,53.3226009,-6.2541375
3643/23,53.3666487,-6.1813574
3650/23,53.3762177,-6.1887353
4693/23,53.40244,-6.216284
WEB1946/23,53.3366315,-6.3321801
3655/23,53.3501932,-6.257488299999999
3943/23,53.3383111,-6.253649999999999
3956/23,53.3947604,-6.193167799999999
WEB1499/23,53.3608475,-6.1949456
WEB1387/23,53.3602459,-6.2628511
3669/23,53.3389599,-6.2794669
WEB1952/23,53.3239363,-6.2163968
WEB1508/23,53.3389789,-6.3443429
3680/23,53.3404987,-6.2483204
3961/23,53.362352,-6.2503015
3688/23,53.3739183,-6.1975063
3963/23,53.3547884,-6.2707425
4699/23,53.399078,-6.2563663
WEB1956/23,53.350461,-6.250864399999999
3703/23,53.3269671,-6.2437093
3983/23,53.3646687,-6.187643899999999
4710/23,53.336272,-6.3224356
3713/23,53.3211274,-6.263124500000001
3708/23,53.307515,-6.2883425
3721/23,53.3753482,-6.2553101
3982/23,53.3581808,-6.2547222
WEB1395/23,53.38017499999999,-6.1668869
WEB1399/23,53.3352607,-6.2919268
4723/23,53.3446376,-6.2634471
4722/23,53.3477821,-6.263855500000001
3828/23,53.3114091,-6.3067886
WEB1401/23,53.3084882,-6.2651702
4002/23,53.3820032,-6.2469436
4006/23,53.33799699999999,-6.2236511
WEB1967/23,53.3835089,-6.2409082
4724/23,53.3191807,-6.2872677
4024/23,53.33799579999999,-6.2535703
3756/23,53.38942530000001,-6.2812465
4033/23,53.31948269999999,-6.2923712
4037/23,53.3282599,-6.2647714
WEB1976/23,53.3699567,-6.267710999999999
WEB1406/23,53.39763929999999,-6.1763302
WEB1539/23,53.390408,-6.2323394
WEB1547/23,53.3536115,-6.293993100000001
4741/23,53.34872180000001,-6.2593257
3765/23,53.3511642,-6.250852399999999
3770/23,53.3404753,-6.2779884
4065/23,53.3403497,-6.3472442
WEB1538/23,53.3127575,-6.2967995
3787/23,53.3318358,-6.2130206
4736/23,53.3663809,-6.195381600000001
WEB1549/23,53.3863029,-6.277601499999999
3793/23,53.3858932,-6.3144902
WEB1422/23,53.3095217,-6.255394
3796/23,53.329517,-6.2315505
4756/23,53.316424,-6.2186393
3804/23,53.3810695,-6.2081978
3816/23,53.3350027,-6.264938
WEB1988/23,53.39726109999999,-6.192514699999999
4086/23,53.3404987,-6.2483204
4089/23,53.3358735,-6.2749839
3806/23,53.3464778,-6.2646589
3808/23,53.3562648,-6.292049899999999
4099/23,53.37712149999999,-6.224804300000001
WEB2000/23,53.3430942,-6.2615478
WEB1998/23,53.3372889,-6.233568099999999
WEB1445/23,53.3399435,-6.2226905
4113/23,53.322875,-6.2596427
4118/23,53.319161,-6.2378468
WEB1447/23,53.3989167,-6.276343900000001
4130/23,53.3559263,-6.255012300000001
4126/23,53.3192613,-6.269518
WEB1450/23,53.3352607,-6.2919268
4141/23,53.3837674,-6.2070317
4779/23,53.3417187,-6.3023397
4146/23,53.3274057,-6.243299299999999
3856/23,53.3223719,-6.2682699
WEB1456/23,53.3394643,-6.2244343
WEB1573/23,53.3791373,-6.169313799999999
4789/23,53.35924869999999,-6.244231999999999
4787/23,53.3525875,-6.2610604
WEB1457/23,53.3259596,-6.2646777
WEB2013/23,53.3156785,-6.2953192
WEB2017/23,53.3260553,-6.3058644
3872/23,53.3443918,-6.2621367
4169/23,53.3863184,-6.211800299999999
3887/23,53.3406325,-6.3006546
4174/23,53.3461072,-6.282275299999999
WEB1464/23,53.3771642,-6.2652793
4807/23,53.37695739999999,-6.320652399999999
4808/23,53.3294307,-6.2342185
WEB1470/23,53.32527959999999,-6.2654999
WEB2025/23,53.361073,-6.259534100000001
4835/23,53.3339722,-6.2607262
WEB2034/23,53.31653439999999,-6.2380078
WEB2031/23,53.3630083,-6.186210099999999
4842/23,53.343832,-6.260692199999999
WEB2046/23,53.3629296,-6.2634773
4868/23,53.36232829999999,-6.1927749
4871/23,53.35049429999999,-6.2837067
4875/23,53.3466524,-6.259373099999999
WEB2055/23,53.3206801,-6.271416599999999
WEB2062/23,53.37461769999999,-6.2447545
WEB2052/23,53.3750338,-6.2486935
4909/23,53.3660422,-6.1871278
3329/24,53.3250312,-6.3014553
3732/24,53.3431301,-6.242837
WEB1641/24,53.3602692,-6.245792499999999
WEB1649/24,53.3274609,-6.21029
WEB1658/24,53.3306165,-6.3212766
WEB1665/24,53.36571679999999,-6.184578399999999
WEB1662/24,53.3401612,-6.2771007
3766/24,53.3362967,-6.2655772
WEB1677/24,53.3756898,-6.1768651
WEB1682/24,53.3087016,-6.255959499999999
WEB1684/24,53.3672884,-6.203627
3789/24,53.3423398,-6.2884319
3793/24,53.3249279,-6.241253599999999
WEB1695/24,53.3723219,-6.2373321
WEB1701/24,53.3393183,-6.240129899999999
3807/24,53.3296869,-6.3254471
DSDZ3823/24,53.3420795,-6.237163199999999
WEB1715/24,53.3888573,-6.2643013
3833/24,53.3646428,-6.221430600000001
WEB1723/24,53.37110070000001,-6.2402858
3839/24,53.3224664,-6.2640319
3843/24,53.3262307,-6.2781336
3846/24,53.3312634,-6.2586548
WEB1743/24,53.32710300000001,-6.2531572
WEB1752/24,53.390073,-6.1847474
3872/24,53.3634575,-6.2361775
3874/24,53.3566461,-6.2690063
3883/24,53.38585080000001,-6.151928799999999
3887/24,53.3332426,-6.2341251
3894/24,53.3221266,-6.2670302
WEB1766/24,53.3739133,-6.200309900000001
3911/24,53.3283949,-6.262652399999999
3914/24,53.3672413,-6.2289287
WEB1785/24,53.33167779999999,-6.3354118
3923/24,53.3841061,-6.1990397
3928/24,53.3432829,-6.264236299999999
3938/24,53.342135,-6.2489697
3950/24,53.360986,-6.1911667
3961/24,53.3406506,-6.2243043
3958/24,53.3451938,-6.2516028
3965/24,53.3370261,-6.2610858
4903/23,53.3873536,-6.195643899999999
3332/24,53.375012,-6.2518878
WEB1259/24,53.3846921,-6.270805999999999
WEB1269/24,53.3573827,-6.243324599999999
3341/24,53.362536,-6.2378579
3347/24,53.3248129,-6.2649484
3360/24,53.38034,-6.282706699999999
WEB1273/24,53.3494907,-6.2484978
3365/24,53.3414087,-6.2711523
3370/24,53.3150408,-6.3008826
3383/24,53.3370978,-6.368805099999999
3386/24,53.3939225,-6.2884961
3377/24,53.3944852,-6.2578735
WEB1298/24,53.37500199999999,-6.2171137
3392/24,53.34017559999999,-6.264346199999999
3406/24,53.3312424,-6.2463858
3401/24,53.34108639999999,-6.2545331
WEB1330/24,53.3641155,-6.2362631
3418/24,53.3147176,-6.2799741
WEB1338/24,53.3250312,-6.3014553
3426/24,53.3643317,-6.2210905
WEB1347/24,53.323013,-6.3368497
3444/24,53.39619219999999,-6.2821247
WEB1349/24,53.3371252,-6.2654953
WEBDSDZ1364/24,53.3490816,-6.24094
3460/24,53.34962849999999,-6.2608508
3466/24,53.3708486,-6.2356888
WEB1379/24,53.31427979999999,-6.2427361
WEB1382/24,53.3668894,-6.1856558
3480/24,53.3159116,-6.2511082
3490/24,53.3505378,-6.2563958
3486/24,53.33232750000001,-6.218025099999999
3492/24,53.3248166,-6.2649102
3501/24,53.3997981,-6.2153614
WEB1407/24,53.3908861,-6.2602346
3515/24,53.3312064,-6.2384547
3499/24,53.3865169,-6.2486359
WEB1421/24,53.38286309999999,-6.2461224
WEB1435/24,53.3349413,-6.2185016
WEB1436/24,53.3286929,-6.286245099999999
3083/24,53.3444955,-6.2764774
WEB1443/24,53.3119721,-6.297630499999999
WEB1457/24,53.3119721,-6.297630499999999
3103/24,53.3151191,-6.2305433
WEB1096/24,53.3420217,-6.2603294
WEB1107/24,53.3239313,-6.3179937
3108/24,53.3312424,-6.2463858
WEB1104/24,53.3625799,-6.2574827
3115/24,53.3770135,-6.1853544
3128/24,53.3212251,-6.2303313
3138/24,53.3606934,-6.2887803
WEB1118/24,53.3212159,-6.292922799999999
WEB1126/24,53.3211386,-6.312874
3168/24,53.3220464,-6.276711499999999
3174/24,53.3505493,-6.2097172
3166/24,53.329075,-6.2486728
3189/24,53.332246,-6.225047099999999
3188/24,53.3151551,-6.2861001
3197/24,53.3607478,-6.251134200000001
3203/24,53.3634736,-6.247885000000001
WEB1159/24,53.308545,-6.2875628
WEB1166/24,53.3501401,-6.2337567
WEB1161/24,53.406152,-6.2412098
3226/24,53.31898090000001,-6.212209199999999
3222/24,53.3221555,-6.263633400000001
WEB1173/24,53.3246116,-6.2084759
3242/24,53.33180429999999,-6.2314444
3246/24,53.336272,-6.3224356
WEB1185/24,53.3238897,-6.3119866
WEB1192/24,53.3180837,-6.2532127
WEB1197/24,53.3402131,-6.274563199999999
3270/24,53.32050659999999,-6.265486
3268/24,53.3806734,-6.1666815
3289/24,53.3476252,-6.266074799999999
DSDZ3278/24,53.3420795,-6.237163199999999
WEB1223/24,53.3831301,-6.277854500000001
3292/24,53.31776259999999,-6.232448799999999
WEB1228/24,53.3097059,-6.2943075
3299/24,53.36117770000001,-6.2915695
3314/24,53.3223257,-6.2175626
3323/24,53.31009,-6.282986999999999
4917/23,53.3229711,-6.2442712
WEB2081/23,53.3192714,-6.2491891
4923/23,53.3783655,-6.204317
4936/23,53.3699114,-6.2672988
WEB2085/23,53.3877824,-6.297968200000001
4950/23,53.3758108,-6.211884599999999
4960/23,53.3899167,-6.2148357
WEB2090/23,53.39573919999999,-6.1622734
WEB2092/23,53.3261304,-6.255528
WEB2106/23,53.3344204,-6.2136305
4984/23,53.3845505,-6.2042785
4976/23,53.3311793,-6.2162685
4987/23,53.3812225,-6.314429899999999
WEB2120/23,53.3707187,-6.26627
5009/23,53.3219493,-6.235587499999999
WEB2123/23,53.3211842,-6.2160784
WEB2128/23,53.3377055,-6.3230526
5013/23,53.3417425,-6.2602455
WEB2144/23,53.3643797,-6.2391385
5017/23,53.321205,-6.2285833
5036/23,53.31800459999999,-6.314204699999999
5047/23,53.34804519999999,-6.2923089
WEB1005/24,53.38550129999999,-6.3006367
5069/23,53.3783655,-6.204317
5059/23,53.3323924,-6.2754803
WEB1016/24,53.3233962,-6.2875738
3008/24,53.3929001,-6.1875651
3015/24,53.3901189,-6.29813
3017/24,53.393833,-6.16393
3023/24,53.399078,-6.2563663
WEB1031/24,53.33689,-6.2658055
WEB1014/24,53.3613702,-6.209388199999999
WEB1036/24,53.37563069999999,-6.2594113
3055/24,53.3764873,-6.3110595
WEB1050/24,53.3212159,-6.292922799999999
WEB1054/24,53.36230450000001,-6.1974811
WEB1059/24,53.3196457,-6.3040341
WEB1068/24,53.3128683,-6.2921632
3072/24,53.36354739999999,-6.258907799999999
3071/24,53.394121,-6.2547182
WEB1452/24,53.3643703,-6.2612475
WEB1458/24,53.3871237,-6.2630303
3549/24,53.3283533,-6.2622019
WEB1471/24,53.3354253,-6.3294462
WEB1479/24,53.3818922,-6.241986199999999
3565/24,53.3401613,-6.2739091
3568/24,53.3802945,-6.1925706
3575/24,53.328411,-6.2548906
WEB1497/24,53.37617729999999,-6.2234959
WEB1500/24,53.3366884,-6.2735227
3594/24,53.34182939999999,-6.2786724
3593/24,53.3419007,-6.2538176
3583/24,53.3356805,-6.2397099
3620/24,53.37703390000001,-6.2379437
3616/24,53.3491694,-6.2595699
WEB1523/24,53.39236950000001,-6.1904707
WEB1535/24,53.3868563,-6.2367675
WEB1541/24,53.3515366,-6.2850823
3625/24,53.38457210000001,-6.2034952
3636/24,53.3446637,-6.262943099999999
3642/24,53.3462259,-6.3272399
WEB1558/24,53.33137290000001,-6.233855999999999
WEB1569/24,53.35970690000001,-6.1869203
3656/24,53.3125003,-6.284760599999999
WEB1575/24,53.3515366,-6.2850823
3655/24,53.3611607,-6.242637800000001
3663/24,53.328929,-6.2455063
WEB1592/24,53.3313261,-6.267627399999999
3687/24,53.34182939999999,-6.2786724
3691/24,53.3764675,-6.3090034
WEB1599/24,53.3651329,-6.222298299999999
WEB1603/24,53.335884,-6.2297876
WEB1598/24,53.3224071,-6.2567056
3706/24,53.3446637,-6.262943099999999
WEB1619/24,53.3309636,-6.2453167
3724/24,53.33468320000001,-6.236655
WEB1636/24,53.3762874,-6.2634921
3737/24,53.3891059,-6.3185541
WEB1079/25,53.3582635,-6.2918121
WEB1086/25,53.32907650000001,-6.2670175
3027/25,53.38071550000001,-6.205289199999999
WEB1104/25,53.3363165,-6.249910700000001
WEB1090/25,53.3540542,-6.2946995
3028/25,53.3982812,-6.2124361
WEB1117/25,53.3067413,-6.2801301
WEB1148/25,53.32367860000001,-6.245567400000001
WEB1146/25,53.3419088,-6.342498
WEB1140/25,53.3921717,-6.3096568
WEB1163/25,53.3335362,-6.280819399999999
3036/25,53.3248166,-6.2649102
WEB1176/25,53.3075286,-6.2674252
3038/25,53.3877184,-6.2823239
WEB1194/25,53.32161499999999,-6.267516
WEB1181/25,53.33229189999999,-6.3659583
WEB1215/25,53.3152292,-6.2661136
WEB1218/25,53.3633506,-6.2473937
WEB1236/25,53.3338,-6.35157
3047/25,53.3739402,-6.255206299999999
WEB1240/25,53.3330569,-6.2525296
3052/25,53.3239347,-6.288931
3058/25,53.3366257,-6.302522600000001
3062/25,53.343557,-6.3457117
WEB1278/25,53.3630992,-6.2892909
WEB1271/25,53.3431161,-6.2749184
WEB1288/25,53.3293956,-6.211958399999999
WEB1313/25,53.32099820000001,-6.260070799999999
WEB1315/25,53.3292673,-6.2608818
WEB1325/25,53.3254745,-6.2367358
WEB1328/25,53.3580434,-6.297629199999999
3069/25,53.38770719999999,-6.2483926
WEB1355/25,53.3271196,-6.2536945
WEB1351/25,53.3936016,-6.1693647
WEB1362/25,53.3414958,-6.2699294
WEB1365/25,53.3662377,-6.239399300000001
WEB1386/25,53.3785639,-6.171055000000001
WEB1389/25,53.3662377,-6.239399300000001
WEB1402/25,53.372279,-6.2453639
WEB1427/25,53.3162069,-6.2730992
WEB1454/25,53.37991359999999,-6.1932618
WEB2019/24,53.3334154,-6.2236561
WEB2018/24,53.3392167,-6.2447743
WEB2029/24,53.3647615,-6.1838053
4190/24,53.3406185,-6.223662099999999
WEB2035/24,53.36690549999999,-6.259064299999999
4201/24,53.36236779999999,-6.214312899999999
WEB2050/24,53.3692783,-6.3223824
WEB2059/24,53.38189449999999,-6.280362999999999
4213/24,53.30929339999999,-6.2921922
4227/24,53.3640882,-6.2823018
4226/24,53.3406992,-6.2609951
WEB2078/24,53.383921,-6.172411599999999
WEB2079/24,53.3692407,-6.2515833
4243/24,53.3984303,-6.199793499999999
4248/24,53.3610493,-6.2791777
WEB2098/24,53.3225567,-6.3257959
4260/24,53.4011034,-6.2032934
WEB2096/24,53.3746719,-6.201725199999999
WEB2106/24,53.3435152,-6.2633323
4273/24,53.3701713,-6.2447788
WEB2117/24,53.3761068,-6.2227047
WEB2132/24,53.3818571,-6.1657129
WEB2136/24,53.3592141,-6.2896161
4286/24,53.3652295,-6.2247682
WEB2143/24,53.3429191,-6.2610955
4292/24,53.3440757,-6.2641977
4295/24,53.3281204,-6.261183099999999
4294/24,53.3634642,-6.1912856
4301/24,53.3384085,-6.2812489
WEB2186/24,53.31909779999999,-6.2712799
WEB2192/24,53.3345633,-6.272059899999999
WEB2196/24,53.34045709999999,-6.2939319
WEB2209/24,53.3205551,-6.206538999999999
WEB2213/24,53.3518264,-6.2345234
WEB2229/24,53.3142813,-6.4035803
WEB2232/24,53.311402,-6.2698268
WEB2251/24,53.3421695,-6.261987200000001
WEB2243/24,53.34300400000001,-6.2592818
4324/24,53.36061590000001,-6.2414534
WEB2266/24,53.3342635,-6.2708837
WEBPWSDZ2247/24,53.3400477,-6.187796199999999
WEB1818/24,53.3723249,-6.286253299999999
WEB2277/24,53.3754623,-6.2386386
WEB2291/24,53.3787582,-6.2079681
4341/24,53.3319477,-6.2385599
WEB2292/24,53.4075716,-6.1665664
WEB2312/24,53.3480637,-6.2616815
4347/24,53.3851888,-6.180077
WEB2315/24,53.3525091,-6.2599113
WEB2322/24,53.3701964,-6.3182464
WEB2327/24,53.3307979,-6.2539935
4360/24,53.3544235,-6.2670802
WEB2360/24,53.37649620000001,-6.1652055
WEB2363/24,53.3952357,-6.2443895
4365/24,53.33352319999999,-6.235851900000001
WEB2373/24,53.3158256,-6.268064499999999
4372/24,53.38757589999999,-6.281793599999999
WEB2389/24,53.3887516,-6.209794899999999
WEB2398/24,53.37649620000001,-6.1652055
WEB2405/24,53.3627843,-6.2981025
WEB2416/24,53.356351,-6.265194
WEB2422/24,53.3186688,-6.2804018
WEB2437/24,53.3824761,-6.1558306
WEB2438/24,53.352914,-6.262148
WEB2449/24,53.3369532,-6.259999
WEB2460/24,53.3396416,-6.258403899999999
WEB2469/24,53.3503183,-6.207653
4387/24,53.39294349999999,-6.2522395
4392/24,53.3345862,-6.3277847
4393/24,53.3655573,-6.222879499999999
WEB2501/24,53.32295,-6.2457543
4399/24,53.3359611,-6.2859286
WEB2527/24,53.35188489999999,-6.351627
WEB2526/24,53.3244636,-6.2643001
WEB2538/24,53.3729812,-6.388253199999999
WEB2541/24,53.3184827,-6.2339017
4405/24,53.3719581,-6.320414899999999
4407/24,53.3198903,-6.327221499999999
WEB2566/24,53.3244873,-6.240416799999999
WEB2571/24,53.3293956,-6.211958399999999
4416/24,53.36083619999999,-6.291902299999999
WEB2580/24,53.3837154,-6.1459898
4423/24,53.3652707,-6.1961542
WEB2603/24,53.3206754,-6.269981
WEB2619/24,53.3498053,-6.2603097
WEB2632/24,53.3225422,-6.2614138
WEB2640/24,53.38426399999999,-6.2153285
WEB2645/24,53.3797973,-6.2122309
WEB2649/24,53.3753362,-6.207689299999999
WEB2660/24,53.36826929999999,-6.1980306
WEB2681/24,53.3396047,-6.189820999999999
4437/24,53.3725002,-6.3140389
WEB2697/24,53.40552109999999,-6.168313299999999
WEB2696/24,53.3333283,-6.2468932
4444/24,53.3617947,-6.2006761
WEB2707/24,53.4029549,-6.2409269
4447/24,53.3404006,-6.2323464
WEB2728/24,53.3621674,-6.2503756
WEB2743/24,53.3152583,-6.271415300000001
4457/24,53.3762177,-6.1887353
WEB2738/24,53.3265326,-6.2219919
WEB2753/24,53.3998183,-6.237415
4462/24,53.3772363,-6.2071181
WEB2769/24,53.3604096,-6.1851921
4471/24,53.3175494,-6.279602499999999
WEB2787/24,53.324292,-6.256424
WEB2783/24,53.3987531,-6.200446599999999
WEB2808/24,53.38568100000001,-6.2921646
WEB2807/24,53.3950282,-6.2611037
WEB2825/24,53.3351763,-6.2723606
WEB2830/24,53.3167313,-6.261405099999999
WEB1019/25,53.3605671,-6.2038454
WEB1016/25,53.3352904,-6.288256
WEB1032/25,53.36252270000001,-6.2780877
WEB1011/25,53.3462259,-6.3272399
WEB1042/25,53.3411716,-6.3453959
WEB1046/25,53.343832,-6.260692199999999
WEB1057/25,53.3883135,-6.2454677
3016/25,53.3478645,-6.2629781
WEB1068/25,53.3540542,-6.2946995
3975/24,53.3403686,-6.337509499999999
3981/24,53.3499889,-6.2647379
WEB1824/24,53.3901499,-6.2777403
WEB1825/24,53.3800623,-6.211871899999999
4000/24,53.3363638,-6.285293299999999
3996/24,53.3285583,-6.2374636
WEB1839/24,53.3144555,-6.296678900000001
4016/24,53.34539969999999,-6.2519198
4018/24,53.34182149999999,-6.249036299999999
WEB1856/24,53.3660431,-6.1993899
4026/24,53.3852898,-6.23365
WEB1877/24,53.32464479999999,-6.2359274
WEB1892/24,53.3648499,-6.2811607
4045/24,53.3687996,-6.2696485
WEB1890/24,53.38869889999999,-6.318568099999999
4051/24,53.3665464,-6.1997182
4057/24,53.3566446,-6.2684365
WEB1907/24,53.3743314,-6.2097269
4067/24,53.3621672,-6.2447567
4070/24,53.32322850000001,-6.2493369
4076/24,53.3291033,-6.249261499999999
WEB1921/24,53.3819276,-6.21801
4089/24,53.4069776,-6.156899699999999
4095/24,53.3216927,-6.2134428
WEB1932/24,53.3897316,-6.3097089
4106/24,53.3455904,-6.2619628
WEB1953/24,53.3084882,-6.2651702
4115/24,53.34031940000001,-6.3274423
WEB1966/24,53.3630741,-6.2066015
4123/24,53.3736062,-6.2961812
4130/24,53.3525394,-6.2636423
4140/24,53.3128075,-6.302105500000001
4137/24,53.3689645,-6.2056461
4145/24,53.3736062,-6.2961812
WEB1993/24,53.3803911,-6.2845559
4159/24,53.3699605,-6.2050709
WEB2003/24,53.3688294,-6.3209668
4162/24,53.3843549,-6.222299
WEB2010/24,53.37623749999999,-6.1850873
WEB1461/25,53.3456883,-6.3617607
WEB1493/25,53.3099201,-6.295001099999999
WEB1518/25,53.3324317,-6.2837762
3098/25,53.3587508,-6.2619129
WEB1766/25,53.3139954,-6.2784236
WEB1507/25,53.34623269999999,-6.2453093
WEB1524/25,53.3675471,-6.2085341
WEB1538/25,53.3759893,-6.2081537
WEB1396/25,53.3308078,-6.255572799999999
WEB1423/25,53.36010959999999,-6.265245999999999
WEB1437/25,53.3763817,-6.2527257
WEB1492/25,53.3179528,-6.2741603
WEB1489/25,53.335601,-6.2237129
3117/25,53.3948511,-6.2328538
3090/25,53.3831037,-6.1620607
3099/25,53.32960989999999,-6.284127199999999
3105/25,53.3746434,-6.2232236
WEB1393/25,53.33475190000001,-6.2793885
WEB1554/25,53.34501239999999,-6.296725299999999
WEB1574/25,53.3724387,-6.1941035
WEB1581/25,53.3348326,-6.2629571
3118/25,53.3614074,-6.2830732
WEB1599/25,53.3719169,-6.3145951
WEB1619/25,53.346822,-6.269243599999999
WEB1630/25,53.3616921,-6.2569583
WEB1637/25,53.3196245,-6.2814459
WEB1639/25,53.3714489,-6.3124859
WEB1651/25,53.36826929999999,-6.1980306
WEB1672/25,53.3220588,-6.227285
WEB1676/25,53.3238956,-6.3184037
WEB1686/25,53.31784769999999,-6.2721808
WEB1682/25,53.323829,-6.2516101
WEB1709/25,53.3796177,-6.2799945
WEB1708/25,53.3491694,-6.2595699
WEB1723/25,53.36763269999999,-6.2256506
WEBGSDZ1684/25,53.3537274,-6.2792177
3137/25,53.3384711,-6.2711992
WEB1742/25,53.3460618,-6.2491077
WEB1741/25,53.3431412,-6.261662500000001
WEB1776/25,53.3905828,-6.2302611
WEB1762/25,53.3353477,-6.2241836
WEB2623/25,53.3077546,-6.2940982
WEB2208/25,53.3381116,-6.2740804
3306/25,53.3285393,-6.2514654
WEB2211/25,53.33013640000001,-6.3219302
WEB1778/25,53.3199848,-6.2078356
WEB2633/25,53.32465269999999,-6.240901699999999
WEB2641/25,53.32400790000001,-6.2164929
3375/25,53.3342632,-6.2372181
3234/25,53.3428016,-6.2823034
3372/25,53.3086294,-6.2717253
3235/25,53.3111014,-6.2827134
3144/25,53.337106,-6.3294182
WEB5093/25,53.3883469,-6.218684199999999
3238/25,53.3596666,-6.2990951
WEB1782/25,53.3867815,-6.1577452
3313/25,53.3379167,-6.2951533
3150/25,53.337689,-6.2388069
WEB2661/25,53.3545774,-6.274263899999999
WEB5112/25,53.3133237,-6.228741200000001
3153/25,53.3871265,-6.231328599999999
WEB5115/25,53.3317014,-6.2143961
WEB2682/25,53.3167868,-6.276438799999999
WEB1810/25,53.3688273,-6.2302838
WEB1818/25,53.3870713,-6.2958243
WEB5128/25,53.3206101,-6.258649
WEB2240/25,53.3481464,-6.2688144
WEB2703/25,53.36193720000001,-6.1866721
WEB2706/25,53.36256410000001,-6.2142225
WEB1867/25,53.3954685,-6.2093982
WEB2712/25,53.3762177,-6.1887353
WEB2719/25,53.3096127,-6.3001153
WEB5151/25,53.3714994,-6.3075221
3170/25,53.333928,-6.2697511
3172/25,53.3353395,-6.2663592
WEB1822/25,53.3645437,-6.2340029
WEB5158/25,53.3825692,-6.240978699999999
WEB1812/25,53.3325375,-6.2667433
WEB2741/25,53.3329077,-6.2651648
3328/25,53.3893468,-6.2318828
WEB1820/25,53.35433370000001,-6.295173
WEB2747/25,53.3458586,-6.2507611
WEB1834/25,53.3235536,-6.2709084
WEB1836/25,53.3199602,-6.3354691
WEB2756/25,53.3124775,-6.279466999999999
WEB1856/25,53.3668894,-6.1856558
WEB2299/25,53.3247217,-6.262740099999999
3174/25,53.3800642,-6.279775
WEB2761/25,53.401294,-6.165805799999999
WEB2304/25,53.3658452,-6.2364466
WEB5192/25,53.3852777,-6.2371346
WEB5196/25,53.3527868,-6.2828244
WEB5198/25,53.3643657,-6.258435599999999
WEB5201/25,53.37599119999999,-6.221253
WEB2319/25,53.32008099999999,-6.2758666
WEB1886/25,53.392884,-6.2731466
3394/25,53.33239889999999,-6.283117799999999
WEB1892/25,53.3694376,-6.3167067
WEB1893/25,53.37969529999999,-6.174518099999999
WEB5224/25,53.3560417,-6.288041
WEB5227/25,53.3713524,-6.268567200000001
WEB2808/25,53.371322,-6.2529847
WEB2811/25,53.382379,-6.177389499999999
WEB5237/25,53.3787964,-6.164759699999999
WEB5246/25,53.3533854,-6.2322048
WEB1911/25,53.3811991,-6.1703991
WEB2363/25,53.32012049999999,-6.2551491
WEB1917/25,53.33368609999999,-6.2306664
WEB1918/25,53.3481464,-6.2688144
WEB2360/25,53.3113787,-6.2647669
WEB2371/25,53.3845505,-6.2042785
WEB2380/25,53.3177681,-6.254385699999999
WEB2375/25,53.31639879999999,-6.3163981
WEB1843/25,53.3787519,-6.2517267
WEB2847/25,53.3322315,-6.2927862
WEB5266/25,53.3359777,-6.27781
WEB2852/25,53.3388132,-6.3001608
WEB2393/25,53.3993494,-6.277499
WEB5275/25,53.37705860000001,-6.1873553
WEB2397/25,53.3134259,-6.2200504
3252/25,53.3860381,-6.1679938
WEB5254/25,53.3912047,-6.260009
3253/25,53.3840659,-6.2070255
WEB2878/25,53.3371252,-6.2654953
WEB2881/25,53.3627677,-6.3097297
WEB5307/25,53.323656,-6.3037968
WEB5306/25,53.35933319999999,-6.188431899999999
WEB2888/25,53.3227947,-6.2353613
WEB5318/25,53.3799931,-6.2322599
WEB2422/25,53.3284379,-6.2613419
3353/25,53.31898090000001,-6.212209199999999
WEB2428/25,53.3346005,-6.242674399999999
WEB1954/25,53.3488568,-6.2622082
WEB1957/25,53.3292033,-6.2496472
WEB2441/25,53.3351456,-6.2967168
WEB2452/25,53.3404799,-6.2805102
WEB1959/25,53.3572232,-6.3071091
3356/25,53.3242089,-6.298884
WEB2462/25,53.4029549,-6.2409269
WEB2934/25,53.3761796,-6.2591012
3357/25,53.3376624,-6.2919226
WEB2471/25,53.3685936,-6.2454199
WEB1968/25,53.39233669999999,-6.280308799999999
WEB1971/25,53.3913863,-6.2709433
WEB2947/25,53.3948511,-6.2328538
WEB1985/25,53.3346653,-6.2243631
WEB2955/25,53.3761796,-6.2591012
WEB2957/25,53.33571449999999,-6.3022585
WEB2964/25,53.36206929999999,-6.286612499999999
WEB2966/25,53.3825692,-6.240978699999999
WEB2481/25,53.39698560000001,-6.199860200000001
WEB2981/25,53.3377793,-6.230147199999999
WEB2439/25,53.3587269,-6.2956302
WEB2991/25,53.328929,-6.2455063
3366/25,53.3070719,-6.2674683
WEBDSDZ2518/25,53.3469543,-6.2293702
WEBGSDZ2992/25,53.357505,-6.2817028
WEB2535/25,53.3880585,-6.2744483
WEB5011/25,53.35687799999999,-6.2715982
WEB2005/25,53.358777,-6.2759016
WEB2008/25,53.3551018,-6.2687289
WEB5025/25,53.3267414,-6.3427377
WEB5034/25,53.3477922,-6.2604589
WEB2019/25,53.35413399999999,-6.2575645
WEB2564/25,53.3630797,-6.2706773
3203/25,53.3245833,-6.3213535
WEB5022/25,53.3491444,-6.270580799999999
WEBDSDZ2567/25,53.3469543,-6.2293702
WEB5043/25,53.35699640000001,-6.2739799
WEB2031/25,53.3831794,-6.1720691
WEB2584/25,53.3588649,-6.277300299999999
WEB2587/25,53.336135,-6.2868224
WEB2593/25,53.3471025,-6.2525735
3302/25,53.3973243,-6.1526666
3218/25,53.384036,-6.207126499999999
WEB2050/25,53.3109504,-6.2828624
WEB2061/25,53.3381116,-6.2740804
WEB2072/25,53.3819877,-6.2059349
WEB2084/25,53.358777,-6.2759016
WEB2098/25,53.3980211,-6.1533435
WEB2112/25,53.3653053,-6.234512199999999
WEB2127/25,53.33074380000001,-6.252405299999999
WEB2134/25,53.3490452,-6.2817114
WEB2150/25,53.38927049999999,-6.2387749
WEB2156/25,53.3339985,-6.2335727
WEB2178/25,53.36451,-6.2249496
WEB2184/25,53.3418283,-6.2609103
WEB2201/25,53.3630797,-6.2706773
